{"cameraMode":{"drawMode":0,"name":"Shaded","section":"Shading Mode"},"sceneLighting":true,"audioPlay":false,"sceneViewState":{"showFog":true,"showMaterialUpdate":false,"showSkybox":true,"showFlares":true,"showImageEffects":true,"showParticleSystems":true},"in2DMode":false,"pivot":{"x":-56.60170364379883,"y":-13.774685859680176,"z":-46.44428253173828},"rotation":{"x":-0.02619563229382038,"y":-0.9629388451576233,"z":0.101481132209301,"w":-0.24854929745197297},"size":40.578739166259769,"orthographic":false}