{"cameraMode":{"drawMode":0,"name":"Shaded","section":"Shading Mode"},"sceneLighting":false,"audioPlay":false,"sceneViewState":{"showFog":true,"showMaterialUpdate":false,"showSkybox":false,"showFlares":true,"showImageEffects":true,"showParticleSystems":true},"in2DMode":false,"pivot":{"x":0.9984999895095825,"y":0.0,"z":1.7699999809265137},"rotation":{"x":-0.007126872427761555,"y":-0.9911352396011353,"z":0.05953914299607277,"w":-0.11860755831003189},"size":0.6062177419662476,"orthographic":false}